Workbook

Sheet README
A1: AI/ML Task 2 — Model Comparison Workbook
A3: How this workbook is organised
A4: Three chart sheets follow — each one is self-contained:
A5: • Sheet 1 (1_Actual_vs_Predicted) Dataset in columns A–B,
A6: chart on the right. 4,128 test rows.
A7: • Sheet 2 (2_Residuals) Dataset in columns A–B,
A8: chart on the right. Residual = Actual − Predicted (formula in col B).
A9: • Sheet 3 (3_Model_Comparison) Dataset in cells A1:D4,
A10: chart on the right. RMSE / R² are Excel formulas — click a cell
A11: to see the formula in the formula bar.
A13: Nothing to click, drag, or plot manually. Excel/LibreOffice renders the
A14: charts automatically the moment the file is opened. Change a cell in
... A24: Configuration and library versions live on the 'Config' sheet.

Sheet 1_Actual_vs_Predicted
A1: Actual | B1: Predicted_DecisionTree | D1: yx_X | E1: yx_Y
A2: 0.477 | B2: 1.1685727 | D2: 0.15 | E2: 0.15
A3: 0.458 | B3: 1.2715813 | D3: 5 | E3: 5
A4: 5.00001 | B4: 3.1995817
A5: 2.186 | B5: 2.204763 | D5: Two points defining the red diagonal y = x reference line (D2:E2 → D3:E3).
A6: 2.78 | B6: 1.6427974
A7: 1.587 | B7: 2.3379001
A8: 1.982 | B8: 1.9206213
A9: 1.575 | B9: 1.6427974
A10: 3.4 | B10: 2.3754958
A11: 4.466 | B11: 4.7787887
A12: 1.232 | B12: 1.2715813
A13: 2.539 | B13: 1.6800676
A14: 2.151 | B14: 1.6800676
A15: 2.205 | B15: 1.6427974
A16: 2.198 | B16: 2.204763
A17: 1.362 | B17: 1.6427974
... A21: 1.375 | B21: 0.86931949
A22: 4.25 | B22: 3.1995817 | G22: This chart plots columns A (Actual) vs B (Predicted) with the red y=x reference from D2:E3. Try editing any value in column B and watch the corresponding dot move.
A23: 4.056 | B23: 3.1995817
A24: 1.388 | B24: 2.204763
A25: 5.00001 | B25: 3.6057458
A26: 1.621 | B26: 1.9206213
A27: 0.514 | B27: 0.86931949
A28: 1.513 | B28: 1.6800676
A29: 0.948 | B29: 1.6427974
A30: 2.041 | B30: 1.6427974
A31: 3.615 | B31: 3.6057458
A32: 0.851 | B32: 1.1685727
A33: 1.384 | B33: 1.1645956
A34: 1.375 | B34: 2.3754958
... A4129: 1.515 | B4129: 1.6427974

Sheet 2_Residuals
A1: Predicted_DecisionTree | B1: Residual (=Actual − Predicted) | D1: zero_X | E1: zero_Y
A2: 1.1685727 | B2: ='1_Actual_vs_Predicted'!A2-A2 -> -0.69157267 | D2: 0 | E2: 0
A3: 1.2715813 | B3: ='1_Actual_vs_Predicted'!A3-A3 -> -0.81358128 | D3: 5.5 | E3: 0
A4: 3.1995817 | B4: ='1_Actual_vs_Predicted'!A4-A4 -> 1.8004283
A5: 2.204763 | B5: ='1_Actual_vs_Predicted'!A5-A5 -> -0.018763015 | D5: Two points defining the red y = 0 reference line (D2:E2 → D3:E3).
A6: 1.6427974 | B6: ='1_Actual_vs_Predicted'!A6-A6 -> 1.1372026
A7: 2.3379001 | B7: ='1_Actual_vs_Predicted'!A7-A7 -> -0.75090011
A8: 1.9206213 | B8: ='1_Actual_vs_Predicted'!A8-A8 -> 0.061378719
A9: 1.6427974 | B9: ='1_Actual_vs_Predicted'!A9-A9 -> -0.067797353
A10: 2.3754958 | B10: ='1_Actual_vs_Predicted'!A10-A10 -> 1.0245042
A11: 4.7787887 | B11: ='1_Actual_vs_Predicted'!A11-A11 -> -0.31278874
A12: 1.2715813 | B12: ='1_Actual_vs_Predicted'!A12-A12 -> -0.039581278
A13: 1.6800676 | B13: ='1_Actual_vs_Predicted'!A13-A13 -> 0.85893236
A14: 1.6800676 | B14: ='1_Actual_vs_Predicted'!A14-A14 -> 0.47093236
A15: 1.6427974 | B15: ='1_Actual_vs_Predicted'!A15-A15 -> 0.56220265
A16: 2.204763 | B16: ='1_Actual_vs_Predicted'!A16-A16 -> -0.0067630146
A17: 1.6427974 | B17: ='1_Actual_vs_Predicted'!A17-A17 -> -0.28079735
... A21: 0.86931949 | B21: ='1_Actual_vs_Predicted'!A21-A21 -> 0.50568051
A22: 3.1995817 | B22: ='1_Actual_vs_Predicted'!A22-A22 -> 1.0504183 | G22: Column B is a formula (=Sheet1!A_i − A_i). Change any Predicted value in column A and both the corresponding residual (col B) and this chart update.
A23: 3.1995817 | B23: ='1_Actual_vs_Predicted'!A23-A23 -> 0.85641826
A24: 2.204763 | B24: ='1_Actual_vs_Predicted'!A24-A24 -> -0.81676301
A25: 3.6057458 | B25: ='1_Actual_vs_Predicted'!A25-A25 -> 1.3942642
A26: 1.9206213 | B26: ='1_Actual_vs_Predicted'!A26-A26 -> -0.29962128
A27: 0.86931949 | B27: ='1_Actual_vs_Predicted'!A27-A27 -> -0.35531949
A28: 1.6800676 | B28: ='1_Actual_vs_Predicted'!A28-A28 -> -0.16706764
A29: 1.6427974 | B29: ='1_Actual_vs_Predicted'!A29-A29 -> -0.69479735
A30: 1.6427974 | B30: ='1_Actual_vs_Predicted'!A30-A30 -> 0.39820265
A31: 3.6057458 | B31: ='1_Actual_vs_Predicted'!A31-A31 -> 0.009254152
A32: 1.1685727 | B32: ='1_Actual_vs_Predicted'!A32-A32 -> -0.31757267
A33: 1.1645956 | B33: ='1_Actual_vs_Predicted'!A33-A33 -> 0.21940438
A34: 2.3754958 | B34: ='1_Actual_vs_Predicted'!A34-A34 -> -1.0004958
... A4129: 1.6427974 | B4129: ='1_Actual_vs_Predicted'!A4129-A4129 -> -0.12779735

Sheet 3_Model_Comparison
A1: Model | B1: RMSE (test) | C1: R² (test) | D1: Rank
A2: Linear Regression | B2: =SQRT(SUMPRODUCT((_Predictions_Full!$A$2:$A$4129-_Predictions_Full!$B$2:$B$4129)^2)/4128) -> 0.74558138 | C2: =1-SUMPRODUCT((_Predictions_Full!$A$2:$A$4129-_Predictions_Full!$B$2:$B$4129)^2)/SUMPRODUCT((_Predictions_Full!$A$2:$A$4129-AVERAGE(_Predictions_Full!$A$2:$A$4129))^2) -> 0.57578771 | D2: =RANK(B2,$B$2:$B$4,1) -> 3
A3: Ridge Regression | B3: =SQRT(SUMPRODUCT((_Predictions_Full!$A$2:$A$4129-_Predictions_Full!$C$2:$C$4129)^2)/4128) -> 0.74555674 | C3: =1-SUMPRODUCT((_Predictions_Full!$A$2:$A$4129-_Predictions_Full!$C$2:$C$4129)^2)/SUMPRODUCT((_Predictions_Full!$A$2:$A$4129-AVERAGE(_Predictions_Full!$A$2:$A$4129))^2) -> 0.57581574 | D3: =RANK(B3,$B$2:$B$4,1) -> 2
A4: Decision Tree | B4: =SQRT(SUMPRODUCT((_Predictions_Full!$A$2:$A$4129-_Predictions_Full!$D$2:$D$4129)^2)/4128) -> 0.72423381 | C4: =1-SUMPRODUCT((_Predictions_Full!$A$2:$A$4129-_Predictions_Full!$D$2:$D$4129)^2)/SUMPRODUCT((_Predictions_Full!$A$2:$A$4129-AVERAGE(_Predictions_Full!$A$2:$A$4129))^2) -> 0.59973212 | D4: =RANK(B4,$B$2:$B$4,1) -> 1
A7: RMSE and R² are Excel formulas (click cell B2, C2, etc. to see them). Rank uses =RANK on the RMSE column so it updates automatically if the underlying predictions change.

Sheet _Predictions_Full
A1: Actual | B1: Linear_Predicted | C1: Ridge_Predicted | D1: DecisionTree_Predicted
A2: 0.477 | B2: 0.71912284 | C2: 0.71947224 | D2: 1.1685727
A3: 0.458 | B3: 1.7640166 | C3: 1.7638467 | D3: 1.2715813
A4: 5.00001 | B4: 2.7096588 | C4: 2.709309 | D4: 3.1995817
A5: 2.186 | B5: 2.8389259 | C5: 2.8387568 | D5: 2.204763
A6: 2.78 | B6: 2.6046573 | C6: 2.6041774 | D6: 1.6427974
A7: 1.587 | B7: 2.0117537 | C7: 2.011905 | D7: 2.3379001
A8: 1.982 | B8: 2.6455 | C8: 2.6455359 | D8: 1.9206213
A9: 1.575 | B9: 2.1687553 | C9: 2.1687614 | D9: 1.6427974
A10: 3.4 | B10: 2.7407464 | C10: 2.7401304 | D10: 2.3754958
A11: 4.466 | B11: 3.9156147 | C11: 3.9157487 | D11: 4.7787887
A12: 1.232 | B12: 0.93896156 | C12: 0.9394508 | D12: 1.2715813
A13: 2.539 | B13: 1.9012218 | C13: 1.9012103 | D13: 1.6800676
... A4129: 1.515 | B4129: 2.0094025 | C4129: 2.0092205 | D4129: 1.6427974

Sheet Config
A1: Dataset | B1: California Housing via sklearn.datasets.fetch_california_housing(as_frame=True)
A2: Target column | B2: HousePrice
A3: Rows total | B3: 20640
A4: Rows train | B4: 16512
A5: Rows test | B5: 4128
A6: test_size | B6: 0.2
A7: random_state | B7: 42
A8: Preprocessing | B8: StandardScaler fit on X_train only, then transform train & test
A9: Linear Regression | B9: LinearRegression()
A10: Ridge Regression | B10: Ridge(alpha=1.0)
A11: Decision Tree | B11: DecisionTreeRegressor(max_depth=5, random_state=42)
A12: Selection rule | B12: argmin(test RMSE); tiebreak argmax(test R²)
A14: Python | B14: 3.10.12
A15: OS | B15: Linux-6.8.0-124-generic-x86_64-with-glibc2.35
A16: scikit-learn | B16: 1.7.2
A17: pandas | B17: 2.3.3
A18: numpy | B18: 2.2.6
A19: matplotlib | B19: 3.10.9
A20: joblib | B20: 1.5.3
A21: openpyxl | B21: 3.1.5
